"","player","position","team","points","sd_pts","dropoff","floor","ceiling","points_vor","floor_vor","ceiling_vor","rank","floor_rank","ceiling_rank","position_rank","tier","adp","aav","uncertainty"
"1","Saquon Barkley","RB","PHI",278,11.5,7.52,264,295,164,181,155,1,1,2,1,"1",5.3,55.4,1
"2","Bijan Robinson","RB","ATL",271,17.3,10.1,251,301,157,168,160,2,2,1,2,"1",3.54,59.4,10
"3","Jahmyr Gibbs","RB","DET",261,13.7,9.32,244,283,147,160,142,3,3,3,3,"2",6.36,51.5,1
"4","Derrick Henry","RB","BAL",251,20.6,21.3,217,283,137,134,142,4,4,4,4,"3",11.3,47.8,15
"5","Josh Jacobs","RB","GB",230,20.2,3.58,197,255,116,114,115,5,7,6,5,"3",19,38.6,24
"6","Christian McCaffrey","RB","SF",227,17.3,1.21,203,246,112,120,105,6,5,9,6,"3",10.9,55.7,13
"7","Jonathan Taylor","RB","IND",225,27.2,2.47,194,265,111,111,124,7,8,5,7,"3",17.6,44.8,61
"8","Ja'Marr Chase","WR","CIN",238,18.9,25.5,215,265,110,107,109,8,9,7,1,"1",2.93,59.6,21
"9","Devon Achane","RB","MIA",223,12.6,3.25,199,235,109,116,94.1,9,6,13,8,"4",16.6,37.7,3
"10","Ashton Jeanty","RB","LVR",220,18.4,0.892,185,242,105,102,102,10,10,10,9,"4",12.1,71.6,14
"11","Kyren Williams","RB","LAR",219,25.1,6.65,172,246,105,89.2,106,11,13,8,10,"4",21.6,37.3,51
"12","Bucky Irving","RB","TB",212,22.3,4.62,175,238,97.9,92,97.9,12,12,12,11,"4",35.7,26.5,37
"13","Chase Brown","RB","CIN",208,20.1,6.37,180,233,93.3,96.7,93,13,11,14,12,"5",38.9,26.4,27
"14","Josh Allen","QB","BUF",362,21.5,1.2,329,387,89.8,71.3,88.6,14,21,17,1,"1",18.1,39.8,11
"15","Lamar Jackson","QB","BAL",360,19.6,16.8,334,390,88.6,76.2,90.9,15,19,15,2,"2",19.2,33.9,6
"16","James Cook","RB","BUF",201,24.5,14.5,164,231,86.9,80.9,90.1,16,15,16,13,"6",31.2,25.2,41
"17","Justin Jefferson","WR","MIN",212,22.3,14,187,255,85,79,98.2,17,16,11,2,"1",6.94,56.5,44
"18","Omarion Hampton","RB","LAC",187,24,0.345,153,216,72.4,69.6,75.4,18,23,20,14,"6",39.3,45,65
"19","Breece Hall","RB","NYJ",186,17.2,1.07,170,214,72.1,86.5,73.2,19,14,23,15,"6",33.6,34.3,18
"20","Jayden Daniels","QB","WAS",344,20,5.26,322,374,71.8,63.7,75.4,20,31,21,3,"2",35.9,23,9
"21","Kenneth Walker III","RB","SEA",185,18.3,0.211,161,215,71,77.6,74.1,21,17,22,16,"6",40.2,23.2,17
"22","CeeDee Lamb","WR","DAL",198,15,4.69,172,215,71,63.9,59.1,22,30,31,3,"2",7.21,57.2,8
"23","Chuba Hubbard","RB","CAR",185,27.2,2.74,137,213,70.8,53.4,72.8,23,39,24,17,"6",57.2,19.6,72
"24","James Conner","RB","ARI",182,17.7,1.37,160,208,68.1,76.3,67.8,24,18,26,18,"6",49,21.7,21
"25","Alvin Kamara","RB","NO",181,19.9,8.3,155,208,66.7,71.8,67.1,25,20,27,19,"6",41.6,25.1,30
"26","Jalen Hurts","QB","PHI",338,10,13.4,326,353,66.5,68.4,54.5,26,24,33,4,"3",30.1,29.5,1
"27","Nico Collins","WR","HOU",193,15.9,0.691,174,217,66.3,66.5,60.7,27,25,30,4,"2",18.5,39.2,24
"28","Puka Nacua","WR","LAR",193,15.1,0.993,172,213,65.6,64.5,56.5,28,28,32,5,"2",15.6,42.7,17
"29","Brian Thomas Jr.","WR","JAC",192,23.5,0.532,163,232,64.6,55.3,76.1,29,37,19,6,"2",31.7,27.1,56
"30","Malik Nabers","WR","NYG",191,24.5,6.41,168,237,64.1,59.8,81,30,33,18,7,"2",20.3,35.1,62
"31","Brock Bowers","TE","LVR",151,6.72,0.272,142,160,63.8,70.8,53.3,31,22,34,1,"1",37.8,24.6,3
"32","George Kittle","TE","SF",151,13.6,7.28,136,173,63.6,64.1,66.5,32,29,28,2,"1",42.1,20.6,20
"33","D'Andre Swift","RB","CHI",173,22.3,3.36,145,213,58.4,61.5,72.4,33,32,25,20,"7",61,16.7,55
"34","Amon-Ra St. Brown","WR","DET",185,14.7,8.3,167,202,57.7,59.7,45.6,34,34,39,8,"3",14,52.6,11
"35","Trey McBride","TE","ARI",144,6.21,23.1,137,152,56.3,65.8,46.2,35,26,38,3,"2",37.5,25.3,1
"36","TreVeyon Henderson","RB","NE",169,21,4.18,142,205,55,58.8,64.4,36,35,29,21,"7",54,38.9,49
"37","Joe Burrow","QB","CIN",325,17.5,23.5,300,346,53.2,42.2,47.2,37,46,37,5,"4",31.8,25,3
"38","David Montgomery","RB","DET",165,12.8,6.53,149,183,50.8,65.3,42.4,38,27,40,22,"7",60.7,16.7,7
"39","A.J. Brown","WR","PHI",176,13.1,1.32,158,197,49.4,50.5,40.3,39,41,41,9,"3",22,41.7,7
"40","Drake London","WR","ATL",175,16,4.1,159,206,48,51.4,50,40,40,35,10,"3",24.6,34.9,25
"41","Aaron Jones","RB","MIN",159,12.2,0.657,139,177,44.3,55.3,36.2,41,38,43,23,"7",65.9,15.6,6
"42","Ladd McConkey","WR","LAC",171,15.6,1.39,152,195,43.9,43.9,38.3,42,44,42,11,"3",44.6,22.6,22
"43","Tony Pollard","RB","TEN",158,9.98,3.06,139,168,43.6,55.5,27.8,43,36,55,24,"7",75.3,13.1,4
"44","Tyreek Hill","WR","MIA",170,9.93,3.68,157,188,42.5,48.8,31.2,44,42,50,12,"3",31.1,41.4,6
"45","Joe Mixon","RB","HOU",155,24.3,3.61,116,190,40.6,33.1,49.2,45,52,36,25,"8",69.1,15.6,90
"46","Mike Evans","WR","TB",166,9.75,0.878,156,180,38.9,47.8,24,46,43,59,13,"4",38.6,26.3,3
"47","Tee Higgins","WR","CIN",165,17.3,2.51,136,185,38,28.2,28.8,47,58,53,14,"4",39,24.2,39
"48","RJ Harvey","RB","DEN",151,22.3,3.41,117,177,37,33.2,36.2,48,51,44,26,"8",67.1,25.2,73
"49","Terry McLaurin","WR","WAS",163,14.1,0.804,149,188,35.5,40.8,31.7,49,47,48,15,"4",48.5,18.3,38
"50","Davante Adams","WR","LAR",162,19,1.96,141,191,34.7,33.1,34.3,50,53,45,16,"4",39.2,30.5,49
"51","Tyrone Tracy","RB","NYG",148,19.5,1.83,126,172,33.6,42.6,32,51,45,47,27,"8",88.9,9.46,39
"52","Mark Andrews","TE","BAL",120,10.8,0.0168,107,137,33.2,35.2,30.4,52,50,52,4,"2",72.5,10.3,29
"53","Sam LaPorta","TE","DET",120,8.59,12.1,109,132,33.2,37.3,25.4,53,49,58,5,"3",54.2,15.6,9
"54","Jaxon Smith-Njigba","WR","SEA",160,16.2,1.96,137,184,32.7,28.8,27.4,54,56,56,17,"4",51.4,18.8,36
"55","Isiah Pacheco","RB","KC",146,21.5,6.61,113,172,31.7,29.7,31.4,55,55,49,28,"8",71.4,14.7,42
"56","Marvin Harrison Jr.","WR","ARI",158,13,3.57,137,175,30.7,28.8,18.5,56,57,62,18,"4",40.4,27.5,28
"57","Patrick Mahomes","QB","KC",302,14.5,4.19,283,320,29.6,24.7,21.1,57,64,61,6,"4",43.9,21.4,14
"58","DK Metcalf","WR","PIT",154,5.07,4.25,147,162,27.2,38.8,5.49,58,48,98,19,"4",49.8,21,1
"59","Kyler Murray","QB","ARI",297,22.7,4.48,271,333,25.5,12.6,33.7,59,81,46,7,"5",76.1,10.7,60
"60","Kaleb Johnson","RB","PIT",139,22.1,6.03,109,169,25.1,26.1,28.3,60,63,54,29,"9",79.9,23.4,75
"61","Courtland Sutton","WR","DEN",150,11.6,0.13,139,171,22.9,31.5,14.6,61,54,68,20,"4",66.1,15.9,15
"62","Xavier Worthy","WR","KC",150,18.8,0.515,125,174,22.8,17.5,17.5,62,70,63,21,"5",64.5,11.2,58
"63","Jameson Williams","WR","DET",149,14.7,1.67,131,173,22.3,23.2,16.5,63,65,65,22,"5",72.8,11.2,40
"64","Baker Mayfield","QB","TB",293,13.2,4.19,275,308,21,17.4,9.15,65,71,84,8,"5",65.1,12.3,23
"65","T.J. Hockenson","TE","MIN",108,7.22,3.26,97.9,117,21,26.4,10.3,64,61,78,6,"3",72.4,12.3,6
"66","Calvin Ridley","WR","TEN",148,14.4,0.15,134,173,20.6,26.7,16.9,66,59,64,23,"5",71.3,14.3,33
"67","D.J. Moore","WR","CHI",148,14.7,0.0126,125,170,20.5,17.6,13.5,67,69,71,24,"5",53.2,19.3,31
"68","Garrett Wilson","WR","NYJ",148,10.6,2.22,134,167,20.5,26.1,10.8,68,62,77,25,"5",40.9,28.5,4
"69","Brian Robinson","RB","WAS",133,25,3.69,98.6,166,19.1,15.3,25.9,69,76,57,30,"9",85.6,9.19,76
"70","DeVonta Smith","WR","PHI",145,13.5,0.291,130,166,18.2,21.9,9.24,70,66,83,26,"5",57.6,16.5,26
"71","Zay Flowers","WR","BAL",145,10.9,6.76,126,158,17.9,17.8,1.6,71,68,119,27,"5",68.1,10.5,14
"72","Travis Kelce","TE","KC",105,10.8,5.66,87.2,118,17.8,15.6,12,73,75,72,7,"4",63,17.9,23
"73","Brian Branch","DB","DET",109,10.1,4,102,116,17.8,17.9,16.4,72,67,66,1,"1",NA,NA,22
"74","Bo Nix","QB","DEN",289,18.8,6.09,261,314,16.8,3.51,14.9,74,105,67,9,"5",76.7,11,29
"75","Brandon Aubrey","K","DAL",164,14.3,14.1,138,181,16.5,-0.199,22.8,75,133,60,1,"1",107,3.88,42
"76","Jaylen Warren","RB","PIT",130,16.5,11.6,110,152,15.4,26.7,11.8,76,60,73,31,"10",97.1,7.08,28
"77","Kerby Joseph","DB","DET",105,9.19,0.657,98.7,111,13.8,14.5,11.8,77,77,74,2,"1",NA,4.25,51
"78","Jessie Bates","DB","ATL",104,4.53,3.18,101,107,13.1,16.8,7.68,78,72,89,3,"1",NA,7.82,13
"79","David Njoku","TE","CLE",99.4,6.96,2.86,87.3,106,12.1,15.7,0,79,74,130,8,"4",94.5,6.31,11
"80","George Pickens","WR","DAL",138,10.9,0.932,121,154,11.2,12.9,-2.08,80,79,154,28,"5",71.5,12.7,18
"81","Maxx Crosby","DL","LVR",54,3.11,0.0188,51.7,56,11,10.7,8.86,81,86,85,1,"1",NA,14.8,12
"82","Andrew Van Ginkel","DL","MIN",53.9,2.05,2.51,52.6,55.4,11,11.6,8.36,82,85,87,2,"1",NA,9.02,23
"83","Andrew Van Ginkel","DL","MIN",53.9,2.05,2.51,52.6,55.4,11,11.6,8.36,82,85,87,2,"1",NA,9.02,67
"84","Brock Purdy","QB","SF",283,11.8,3.97,265,299,10.7,6.91,0,83,96,130,10,"6",90.2,7.21,54
"85","Jerry Jeudy","WR","CLE",137,15.9,2,120,167,10.2,11.9,11,84,83,75,29,"5",88.7,10.2,46
"86","Julian Love","DB","SEA",101,1.2,0.187,100,102,9.96,15.8,2.06,85,73,113,4,"1",NA,6.14,1
"87","Julian Blackmon","DB","NO",101,NA,0.589,NA,NA,9.77,NA,NA,86,NA,NA,5,"1",NA,3.17,96
"88","Zaire Franklin","LB","IND",99.6,2.12,1.14,98.1,101,9.35,9.55,8.21,87,90,88,1,"1",NA,15.8,3
"89","Tucker Kraft","TE","GB",96.5,12,2.52,76.5,116,9.24,4.92,9.47,88,99,82,9,"4",111,3.67,26
"90","Kyle Hamilton","DB","BAL",100,4.6,1.12,97.1,103,9.18,12.8,3.78,89,80,106,6,"1",NA,10.1,7
"91","T.J. Watt","DL","PIT",51.4,2.19,4.87,50,53,8.47,9.02,5.96,90,92,96,3,"2",NA,18.5,8
"92","T.J. Watt","DL","PIT",51.4,2.19,4.87,50,53,8.47,9.02,5.96,90,92,96,3,"2",NA,18.5,50
"93","Deebo Samuel","WR","WAS",135,20.6,3.37,104,167,8.24,-4.21,11,91,163,76,30,"6",82.8,14.5,74
"94","Zack Baun","LB","PHI",98.5,5.3,0.291,95.1,102,8.21,6.58,9.61,92,97,81,2,"1",NA,15,50
"95","Reed Blankenship","DB","PHI",98.9,6.86,2.76,94.5,104,8.07,10.2,4.32,93,88,103,7,"2",NA,5.06,18
"96","Fred Warner","LB","SF",98.2,0.636,2.98,97.7,98.6,7.92,9.22,5.83,94,91,97,3,"1",NA,14,2
"97","Justin Herbert","QB","LAC",279,15.1,1.44,260,301,6.73,1.58,2.4,95,118,111,11,"6",112,7.7,51
"98","Tyler Warren","TE","IND",94,9.62,5.2,84.8,113,6.72,13.2,6.31,96,78,94,10,"5",112,9.65,31
"99","Budda Baker","DB","ARI",96.1,3.25,3.75,94,98.5,5.3,9.78,-1.09,97,89,144,8,"2",NA,11.1,4
"100","Justin Fields","QB","NYJ",277,9.66,5.29,266,294,5.29,8.47,-4.51,98,93,175,12,"6",103,6.4,74
"101","Foyesade Oluokun","LB","JAC",95.2,6.72,0.0695,90.9,100,4.94,2.4,7.37,99,109,91,4,"1",NA,13.6,40
"102","Travis Hunter","WR","JAC",132,23.3,0.854,105,170,4.88,-2.5,14,100,152,69,31,"6",74,25.9,79
"103","Travis Hunter","WR","JAC",132,23.3,0.854,105,170,4.88,-2.5,14,100,152,69,31,"6",74,25.9,97
"104","Robert Spillane","LB","NE",95.1,3.25,1.86,93,97.5,4.87,4.55,4.76,101,101,101,5,"1",NA,10.3,26
"105","Jauan Jennings","WR","SF",131,14.2,0.95,115,154,4.02,7.55,-2.82,102,94,160,32,"6",106,8.15,42
"106","J.K. Dobbins","RB","DEN",118,15.1,1.34,95.2,140,3.75,11.8,0,103,84,130,32,"10",109,8.2,56
"107","Jonathan Greenard","DL","MIN",46.6,6.36,0.255,42.5,51.2,3.6,1.48,4.15,104,120,104,4,"2",NA,8.3,41
"108","Jonathan Greenard","DL","MIN",46.6,6.36,0.255,42.5,51.2,3.6,1.48,4.15,104,120,104,4,"2",NA,8.3,83
"109","Aidan Hutchinson","DL","DET",46.3,4.1,0.598,43.3,48.9,3.35,2.29,1.85,105,111,116,5,"2",NA,11.2,26
"110","Rashee Rice","WR","KC",130,16.9,0.64,108,155,3.07,0,-0.931,106,130,142,33,"6",68.3,12.9,71
"111","Logan Wilson","LB","CIN",93.3,3.46,0.562,91.1,95.8,3.01,2.55,3.05,107,108,108,6,"2",NA,11.6,12
"112","Broncos","DST","DEN",96.6,10.4,0.817,85.9,113,2.92,0.0886,6.54,108,128,93,1,"1",114,2.57,6
"113","Danielle Hunter","DL","HOU",45.7,3.18,0.292,43.4,47.8,2.75,2.37,0.662,109,110,127,6,"2",NA,12.4,19
"114","Danielle Hunter","DL","HOU",45.7,3.18,0.292,43.4,47.8,2.75,2.37,0.662,109,110,127,6,"2",NA,12.4,94
"115","Nik Bonitto","DL","DEN",45.4,3.39,1.21,43.3,47.9,2.46,2.24,0.826,110,112,125,7,"2",NA,6,33
"116","Nik Bonitto","DL","DEN",45.4,3.39,1.21,43.3,47.9,2.46,2.24,0.826,110,112,125,7,"2",NA,6,87
"117","Alex Singleton","LB","DEN",92.7,6.58,1.31,88.5,97.5,2.45,0,4.78,111,130,100,7,"2",NA,17,33
"118","Tetairoa McMillan","WR","CAR",130,21.8,0.975,95.6,164,2.43,-12.2,7.58,113,249,90,34,"6",70.2,30.8,86
"119","Chase McLaughlin","K","TB",150,9.26,0.118,133,160,2.43,-5.66,1.49,112,183,120,2,"1",140,2.24,48
"120","Javonte Williams","RB","DAL",117,19.4,0.253,82.2,135,2.41,-1.09,-5.78,114,144,185,33,"10",113,8.67,70
"121","Cameron Dicker","K","LAC",150,10.6,0.0295,129,159,2.32,-9.36,1.04,115,224,123,3,"1",130,2.74,23
"122","Kaimi Fairbairn","K","HOU",150,6.5,0.33,140,158,2.29,1.86,0,116,115,130,4,"1",145,1.71,52
"123","Quinshon Judkins","RB","CLE",116,37.9,2.16,61.3,171,2.16,-22,30.8,117,373,51,34,"10",104,14.3,99
"124","Texans","DST","HOU",95.8,11.1,2.1,77.7,108,2.1,-8.16,1.39,118,210,121,2,"2",133,1.62,42
"125","Jake Bates","K","DET",149,4.2,1.21,146,157,1.96,7.33,-0.702,119,95,138,5,"1",133,2.44,1
"126","DeShon Elliott","DB","PIT",92.4,23.5,1.55,77.3,110,1.55,-6.92,10,120,195,79,9,"2",NA,7.66,87
"127","Evan Engram","TE","DEN",88.8,13.3,0.132,73.3,113,1.52,1.75,6.22,121,117,95,11,"5",103,8.85,54
"128","Jakobi Meyers","WR","LVR",129,6.23,1.46,120,138,1.46,12.5,-18.7,122,82,335,35,"6",101,8.09,1
"129","Dallas Goedert","TE","PHI",88.7,11.8,1.39,69.1,106,1.39,-2.48,-0.667,123,150,137,12,"5",129,4.68,40
"130","Bradley Chubb","DL","MIA",44.2,3.68,0.779,41.9,46.9,1.24,0.843,-0.181,124,123,131,8,"3",NA,3,55
"131","Bradley Chubb","DL","MIA",44.2,3.68,0.779,41.9,46.9,1.24,0.843,-0.181,124,123,131,8,"3",NA,3,85
"132","Daiyan Henley","LB","LAC",91.4,0.919,0.194,90.7,92,1.14,2.22,-0.777,125,113,139,8,"2",NA,9.65,31
"133","T.J. Edwards","LB","CHI",91.2,1.84,0.945,90,92.6,0.945,1.53,-0.208,126,119,132,9,"2",NA,16,16
"134","Jake Elliott","K","PHI",148,4.26,0.57,140,153,0.749,1.83,-5.43,127,116,183,6,"1",146,2.01,13
"135","Jared Verse","DL","LAR",43.4,7.28,0.465,38.1,48.1,0.465,-2.93,1,128,154,124,9,"3",NA,NA,54
"136","Jared Verse","DL","LAR",43.4,7.28,0.465,38.1,48.1,0.465,-2.93,1,128,154,124,9,"3",NA,NA,99
"137","Matt Gay","K","WAS",148,6.76,0.178,142,160,0.178,3.8,1.63,129,103,118,7,"1",162,1.31,74
"138","Jared Goff","QB","DET",272,21.9,0.376,247,301,0,-10.6,1.73,130,234,117,13,"6",98.5,6.89,71
"139","Rhamondre Stevenson","RB","NE",114,21.6,0.61,82.2,140,0,-1.14,-0.614,130,145,136,35,"10",107,6.82,63
"140","Jaylen Waddle","WR","MIA",127,18.2,0.0947,95.5,149,0,-12.3,-7.79,130,251,208,36,"6",77.5,15.6,57
"141","Kyle Pitts","TE","ATL",87.3,10.5,0.316,66.7,98.1,0,-4.88,-8.2,130,171,215,13,"5",125,6.79,34
"142","Chris Boswell","K","PIT",147,4.59,0.543,142,153,0,3.98,-4.56,130,102,176,8,"1",140,1.97,39
"143","Ravens","DST","BAL",93.7,6.88,0.726,85.8,104,0,0,-2.46,130,130,158,3,"2",118,2.13,3
"144","Myles Garrett","DL","CLE",43,4.53,0.468,40.1,46.3,0,-0.944,-0.801,130,140,140,10,"3",NA,17.6,31
"145","Roquan Smith","LB","BAL",90.3,1.13,0.251,89.4,91,0,0.93,-1.78,130,122,151,10,"2",NA,22.4,1
"146","Kevin Byard","DB","CHI",90.8,12,0.785,83.2,99.6,0,-1.09,0,130,143,130,10,"2",NA,5.45,42
"147","Jayden Reed","WR","GB",127,14.5,0.183,109,153,-0.0947,0.747,-3.76,131,125,165,37,"6",112,3.54,47
"148","Ernest Jones","LB","SEA",90,3.04,0.019,87.8,92,-0.251,-0.723,-0.808,132,138,141,11,"2",NA,17.3,10
"149","Bobby Okereke","LB","NYG",90,4.6,0.425,86.6,92.9,-0.27,-1.89,0.169,133,148,129,12,"2",NA,11.6,45
"150","Rome Odunze","WR","CHI",127,19.8,0.417,103,154,-0.278,-4.62,-2.3,134,166,156,38,"6",92.2,6.97,65
"151","Colston Loveland","TE","CHI",87,21.4,2.1,50.2,116,-0.316,-21.3,9.96,135,364,80,14,"5",120,6.75,89
"152","Caleb Williams","QB","CHI",272,17.9,6.32,258,307,-0.376,0,8.54,136,130,86,14,"7",107,5.62,69
"153","Derrick Brown","DL","CAR",42.5,11.5,0.349,34.1,49.8,-0.468,-6.93,2.74,137,196,110,11,"3",NA,NA,91
"154","Jason Sanders","K","MIA",147,9.96,0.474,134,162,-0.543,-4.24,3.94,138,164,105,9,"1",146,1.36,87
"155","Travis Etienne","RB","JAC",114,21.5,0.37,84.1,145,-0.61,0.776,4.82,139,124,99,36,"10",97.1,15.9,59
"156","Chris Olave","WR","NO",126,17.7,1.29,103,156,-0.695,-5.14,0,141,178,130,39,"6",93.2,9.35,54
"157","Jamien Sherwood","LB","NYJ",89.6,2.19,0.905,88,91,-0.695,-0.544,-1.8,140,136,152,13,"2",NA,16.4,29
"158","Eagles","DST","PHI",92.9,10.4,3.91,78.5,104,-0.726,-7.32,-2.99,142,203,161,4,"3",118,1.6,23
"159","Calen Bullock","DB","HOU",90,4.95,0.484,86.9,93.7,-0.785,2.61,-5.93,143,107,190,11,"2",NA,NA,80
"160","Jeffery Simmons","DL","TEN",42.1,2.83,0.147,40.1,44,-0.817,-0.942,-3.13,144,139,164,12,"3",NA,3.65,17
"161","Khalil Mack","DL","LAC",42,1.01e-14,0.101,42,42,-0.964,0.988,-5.09,145,121,180,13,"3",NA,3.62,6
"162","Khalil Mack","DL","LAC",42,1.01e-14,0.101,42,42,-0.964,0.988,-5.09,145,121,180,13,"3",NA,3.62,42
"163","Zach Charbonnet","RB","SEA",113,18.8,0.0669,83.3,141,-0.981,0,0.782,146,130,126,37,"10",120,5.02,31
"164","Harrison Butker","K","KC",146,5.52,0.359,138,154,-1.02,0,-3.9,147,130,169,10,"1",153,2.47,16
"165","Austin Ekeler","RB","WAS",113,14.4,4.52,93.6,139,-1.05,10.3,-1.62,148,87,148,38,"10",132,4.99,45
"166","Harold Landry","DL","NE",41.9,2.9,0.0569,40,44,-1.07,-0.969,-3.06,149,141,163,14,"3",NA,3.22,15
"167","Harold Landry","DL","NE",41.9,2.9,0.0569,40,44,-1.07,-0.969,-3.06,149,141,163,14,"3",NA,3.22,86
"168","Josh Allen","DL","JAC",41.8,1.77,0.333,40.5,43,-1.12,-0.468,-4.12,150,135,171,15,"3",NA,8.3,22
"169","Josh Allen","DL","JAC",41.8,1.77,0.333,40.5,43,-1.12,-0.468,-4.12,150,135,171,15,"3",NA,8.3,76
"170","Antoine Winfield","DB","TB",89.6,8.49,0.724,84.1,95.8,-1.27,-0.138,-3.82,151,132,167,12,"3",NA,10.8,20
"171","Evan McPherson","K","CIN",146,7.05,0.8,140,158,-1.38,1.89,0.358,152,114,128,11,"1",166,1.87,45
"172","Gregory Rousseau","DL","BUF",41.5,0.778,0.417,41,42.1,-1.45,0,-5.01,153,130,179,16,"3",NA,5.3,4
"173","Nick Bolton","LB","KC",88.7,5.59,2.03,85.1,92.8,-1.6,-3.41,0,154,157,130,14,"3",NA,14.6,43
"174","Brian Burns","DL","NYG",41.1,0.141,0.215,41,41.2,-1.87,-0.00944,-5.89,155,131,189,17,"3",NA,5.93,1
"175","Brian Burns","DL","NYG",41.1,0.141,0.215,41,41.2,-1.87,-0.00944,-5.89,155,131,189,17,"3",NA,5.93,59
"176","Matthew Golden","WR","GB",125,18.1,0.000707,108,158,-1.98,-0.207,1.23,156,134,122,40,"6",99.6,18.3,81
"177","Jordan Addison","WR","MIN",125,18.4,1.3,113,163,-1.98,5.4,6.89,157,98,92,41,"6",103,5.56,64
"178","Camryn Bynum","DB","IND",88.8,1.27,0.387,88,89.8,-1.99,3.75,-9.84,158,104,231,13,"3",NA,2.69,16
"179","Anfernee Jennings","DL","NE",40.9,6.29,0.0734,36.3,44.9,-2.09,-4.76,-2.18,159,169,155,18,"3",NA,NA,79
"180","Leonard Williams","DL","SEA",40.8,8.56,0.306,35.3,47.1,-2.16,-5.68,0,160,184,130,19,"4",NA,4.94,77
"181","Tyler Bass","K","BUF",145,10,1.35,130,160,-2.18,-8.68,2.02,161,214,115,12,"1",158,1.53,71
"182","Coby Bryant","DB","SEA",88.4,33.7,1.04,66.9,113,-2.38,-17.4,13.6,162,313,70,14,"3",NA,3.29,98
"183","Zach Ertz","TE","WAS",84.9,11.7,1.77,71.6,105,-2.42,0,-1.47,163,130,146,15,"6",146,2.63,51
"184","Carl Granderson","DL","NO",40.5,3.82,0.0357,37.7,42.9,-2.47,-3.32,-4.15,164,156,172,20,"4",NA,NA,32
"185","Micah Parsons","DL","DAL",40.5,0.707,0.109,40,41,-2.5,-1,-6.11,165,142,194,21,"4",NA,12.4,3
"186","Micah Parsons","DL","DAL",40.5,0.707,0.109,40,41,-2.5,-1,-6.11,165,142,194,21,"4",NA,12.4,38
"187","Cameron Heyward","DL","PIT",40.4,6.65,0.607,36.1,45.2,-2.61,-4.91,-1.85,166,172,153,22,"4",NA,3.41,60
"188","DeForest Buckner","DL","IND",39.7,9.55,0.52,32.7,45.9,-3.22,-8.28,-1.23,167,212,145,23,"4",NA,11,74
"189","Chris Godwin","WR","TB",124,22.7,0.0446,93.7,158,-3.28,-14.1,2.05,168,272,114,42,"6",96.3,7.44,83
"190","Ricky Pearsall","WR","SF",124,15.8,4.28,108,156,-3.32,0.417,-0.308,169,126,133,43,"6",100,7.39,61
"191","Brandon Jones","DB","DEN",87.4,14.4,0.377,78.2,97.9,-3.43,-6.05,-1.66,170,186,149,15,"3",NA,7.51,53
"192","Younghoe Koo","K","ATL",144,9.23,0.318,133,156,-3.53,-4.99,-1.66,171,174,150,13,"1",165,1.25,65
"193","Jordyn Brooks","LB","MIA",86.6,7.07,0.261,82.1,91.8,-3.63,-6.39,-0.936,172,191,143,15,"3",NA,12.8,41
"194","Jaelan Phillips","DL","MIA",39.2,5.23,0.497,35.9,43.1,-3.74,-5.13,-4.02,173,177,170,24,"4",NA,4.42,63
"195","Jaelan Phillips","DL","MIA",39.2,5.23,0.497,35.9,43.1,-3.74,-5.13,-4.02,173,177,170,24,"4",NA,4.42,71
"196","Jordan Battle","DB","CIN",87,4.31,1.04,84.3,90.2,-3.8,0,-9.41,174,130,228,16,"3",NA,5.69,38
"197","Wil Lutz","K","DEN",144,5.23,1.38,138,153,-3.85,0.0542,-5.33,175,129,182,14,"1",159,1.77,29
"198","Kaden Elliss","LB","ATL",86.4,0.566,1.32,86,86.8,-3.89,-2.49,-5.98,176,151,191,16,"3",NA,11.2,5
"199","Jonnu Smith","TE","PIT",83.1,20,0.188,52.1,109,-4.19,-19.5,2.75,177,337,109,16,"6",136,2.07,91
"200","Nick Bosa","DL","SF",38.7,3.46,0.97,36.2,40.9,-4.23,-4.83,-6.14,178,170,195,25,"4",NA,11.3,14
"201","Hunter Henry","TE","NE",82.9,11.7,0.83,62.1,97.9,-4.37,-9.45,-8.39,179,225,216,17,"6",153,2.25,46
"202","Cowboys","DST","DAL",89,11.9,0.591,76.6,107,-4.63,-9.25,0,180,222,130,5,"4",163,0.59,97
"203","Jaquan Brisker","DB","CHI",86,21.4,0.689,72.3,102,-4.84,-11.9,2.07,181,244,112,17,"3",NA,7.49,82
"204","Isaiah Likely","TE","BAL",82.1,12.9,0.0569,66.1,104,-5.2,-5.5,-2.38,182,181,157,18,"6",153,2.9,60
"205","Alex Highsmith","DL","PIT",37.8,2.69,0.175,36,39.7,-5.2,-4.97,-7.36,184,173,203,26,"4",NA,3.62,18
"206","Alex Highsmith","DL","PIT",37.8,2.69,0.175,36,39.7,-5.2,-4.97,-7.36,184,173,203,26,"4",NA,3.62,68
"207","Alex Anzalone","LB","DET",85.1,2.97,0.787,82.9,87,-5.2,-5.62,-5.81,183,182,186,17,"3",NA,6.6,48
"208","Tyler Loop","K","BAL",142,3.83,0.26,135,145,-5.22,-3.46,-13.4,185,158,268,15,"1",173,1.93,68
"209","Vikings","DST","MIN",88.4,2.36,0.517,86.2,92.7,-5.23,0.357,-13.9,186,127,271,6,"4",140,1.45,1
"210","Jake Ferguson","TE","DAL",82,6.41,0.0831,75,93.6,-5.26,3.43,-12.6,187,106,259,19,"6",138,3.62,17
"211","Dalton Kincaid","TE","BUF",81.9,7.86,5.55,66.9,90.4,-5.34,-4.69,-15.9,188,167,295,20,"6",138,3.03,14
"212","Will Anderson","DL","HOU",37.6,7,0.705,33.1,42.7,-5.38,-7.91,-4.36,189,207,173,27,"5",NA,11.2,47
"213","Daniel Carlson","K","LVR",142,5.17,0.578,134,147,-5.48,-3.99,-11,190,161,240,16,"1",169,1.29,26
"214","Trevon Moehrig","DB","CAR",85.3,9.62,0.0653,79.1,92.4,-5.53,-5.12,-7.24,191,176,202,18,"3",NA,4.85,44
"215","Najee Harris","RB","LAC",109,17.9,2.05,78.8,131,-5.57,-4.52,-9.01,192,165,224,39,"10",121,6.63,68
"216","Nick Cross","DB","IND",85.2,7.99,0.297,80.1,91.1,-5.59,-4.15,-8.5,193,162,219,19,"3",NA,8.88,49
"217","Rams","DST","LAR",87.9,9.25,0.111,78,99.6,-5.74,-7.82,-6.9,194,206,199,7,"4",166,0.69,35
"218","Bills","DST","BUF",87.8,9.29,2.65,69.6,94.9,-5.85,-16.2,-11.7,195,301,248,8,"5",129,1.81,32
"219","Byron Murphy","DB","MIN",84.9,6.01,0.038,81.1,89.4,-5.89,-3.17,-10.3,196,155,233,20,"3",NA,3.98,84
"220","Derwin James","DB","LAC",84.9,2.9,0.00212,83,87,-5.93,-1.22,-12.6,197,146,258,21,"3",NA,9.5,5
"221","Grant Delpit","DB","CLE",84.9,1.98,0.442,83.6,86.4,-5.93,-0.635,-13.3,198,137,267,22,"3",NA,3.55,11
"222","Lavonte David","LB","TB",84.3,4.17,0.0463,81.2,86.9,-5.99,-7.3,-5.83,199,201,187,18,"3",NA,11.7,17
"223","Terrel Bernard","LB","BUF",84.2,4.24,0.213,81.1,86.9,-6.04,-7.39,-5.83,200,204,188,19,"3",NA,7.73,22
"224","Will Reichard","K","MIN",141,9.84,0.394,129,153,-6.06,-9.08,-4.96,201,219,178,17,"2",172,1.53,97
"225","Tuli Tuipulotu","DL","LAC",36.9,1.34,0.208,36,37.9,-6.08,-4.99,-9.22,202,175,226,28,"5",NA,NA,28
"226","Tuli Tuipulotu","DL","LAC",36.9,1.34,0.208,36,37.9,-6.08,-4.99,-9.22,202,175,226,28,"5",NA,NA,53
"227","Bobby Wagner","LB","WAS",84,3.04,0.406,81.8,86,-6.25,-6.72,-6.81,203,193,198,20,"3",NA,16.3,19
"228","Jermaine Johnson","DL","NYJ",36.7,2.33,0.472,35,38.2,-6.29,-6.05,-8.93,204,187,223,29,"5",NA,NA,37
"229","Jermaine Johnson","DL","NYJ",36.7,2.33,0.472,35,38.2,-6.29,-6.05,-8.93,204,187,223,29,"5",NA,NA,58
"230","Jeremy Chinn","DB","LVR",84.5,3.75,0.355,82.1,87.2,-6.37,-2.21,-12.4,205,149,255,23,"3",NA,5.52,9
"231","Brandon McManus","K","GB",141,10.1,2.09,125,154,-6.45,-13,-3.87,206,260,168,18,"2",179,1.33,94
"232","Quincy Williams","LB","NYJ",83.6,0.919,0.362,83,84.3,-6.66,-5.48,-8.49,207,180,218,21,"3",NA,13,21
"233","Dak Prescott","QB","DAL",265,13.9,7.49,244,285,-6.69,-13.9,-14.2,208,268,276,15,"7",90.8,8.81,57
"234","Riley Moss","DB","DEN",84.1,NA,0.8,NA,NA,-6.73,NA,NA,209,NA,NA,24,"3",NA,5.88,65
"235","Davon Hamilton","DL","JAC",36.2,NA,0.0588,NA,NA,-6.76,NA,NA,210,NA,NA,30,"5",NA,NA,NA
"236","YaYa Diaby","DL","TB",36.1,7.85,0.152,31.1,41.9,-6.82,-9.9,-5.18,211,228,181,31,"5",NA,2.02,65
"237","YaYa Diaby","DL","TB",36.1,7.85,0.152,31.1,41.9,-6.82,-9.9,-5.18,211,228,181,31,"5",NA,2.02,95
"238","Kobie Turner","DL","LAR",36,4.6,0.0797,32.6,38.9,-6.97,-8.4,-8.16,212,213,214,32,"5",NA,5.11,36
"239","Devin Lloyd","LB","JAC",83.2,2.69,0.0608,81.3,85,-7.02,-7.23,-7.8,213,199,209,22,"3",NA,10.4,28
"240","D.J. Wonnum","DL","CAR",35.9,7.5,0.215,31.1,41.4,-7.05,-9.9,-5.67,214,229,184,33,"5",NA,1.34,90
"241","Tyrel Dodson","LB","MIA",83.2,11,1.62,76.2,91.2,-7.08,-12.3,-1.53,215,253,147,23,"4",NA,11.5,53
"242","Trey Hendrickson","DL","CIN",35.7,1.06,0.692,35,36.5,-7.27,-6,-10.6,216,185,236,34,"5",NA,8.06,5
"243","Chamarri Conner","DB","KC",83.3,NA,0.523,NA,NA,-7.53,NA,NA,217,NA,NA,25,"3",NA,NA,NA
"244","Tank Bigsby","RB","JAC",107,22.4,0.721,76.9,136,-7.61,-6.47,-4.81,219,192,177,40,"10",119,4.83,80
"245","Rashid Shaheed","WR","NO",120,9.06,0.436,104,132,-7.61,-3.7,-24.7,218,160,402,44,"6",148,3.71,12
"246","Cameron Jordan","DL","NO",35,7.64,0.0653,30.1,40.6,-7.96,-10.9,-6.48,220,238,197,35,"5",NA,NA,88
"247","Josh Sweat","DL","ARI",34.9,6.01,0.237,31.1,39.4,-8.03,-9.92,-7.74,221,230,207,36,"5",NA,3.77,72
"248","Josh Sweat","DL","ARI",34.9,6.01,0.237,31.1,39.4,-8.03,-9.92,-7.74,221,230,207,36,"5",NA,3.77,92
"249","Stefon Diggs","WR","NE",119,9.95,2.1,112,140,-8.04,4.63,-16.5,222,100,302,45,"7",97.4,12.8,19
"250","Tyrique Stevenson","DB","CHI",82.8,3.32,0.466,80.6,85.2,-8.05,-3.61,-14.4,223,159,277,26,"3",NA,NA,75
"251","Kyle Van Noy","DL","BAL",34.7,NA,0.31,NA,NA,-8.26,NA,NA,224,NA,NA,37,"5",NA,2.83,73
"252","Kyle Van Noy","DL","BAL",34.7,NA,0.31,NA,NA,-8.26,NA,NA,224,NA,NA,37,"5",NA,2.83,96
"253","Jordan Mason","RB","MIN",106,16.6,4.58,72.2,119,-8.33,-11.1,-21.3,225,239,364,41,"11",107,8.62,44
"254","Steelers","DST","PIT",85.2,7.34,1.36,76.8,94.7,-8.5,-9.05,-11.9,226,217,250,9,"6",125,1.99,10
"255","Xavier McKinney","DB","GB",82.3,11.7,0.699,73.7,89.8,-8.52,-10.6,-9.78,227,233,230,27,"3",NA,5.76,31
"256","Joshua Karty","K","LAR",139,4.69,1.19,131,145,-8.54,-7.3,-12.8,228,202,261,19,"2",185,1.15,3
"257","AShawn Robinson","DL","CAR",34.4,2.12,0.375,33,35.9,-8.57,-7.98,-11.1,229,208,241,38,"6",NA,2.95,9
"258","Azeez Al-Shaair","LB","HOU",81.6,0.849,0.0378,81,82.2,-8.7,-7.48,-10.6,230,205,235,24,"4",NA,13.9,34
"259","Tremaine Edmunds","LB","CHI",81.5,4.45,1.83,78.7,84.8,-8.74,-9.83,-7.97,231,227,211,25,"4",NA,6.58,47
"260","Travon Walker","DL","JAC",34,0.283,0.0231,33.8,34.2,-8.95,-7.2,-12.9,232,198,262,39,"6",NA,4.85,1
"261","Travon Walker","DL","JAC",34,0.283,0.0231,33.8,34.2,-8.95,-7.2,-12.9,232,198,262,39,"6",NA,4.85,46
"262","Zach Allen","DL","DEN",34,3.04,0.48,32,36.2,-8.97,-8.97,-10.9,233,215,239,40,"6",NA,5.78,13
"263","Justin Reid","DB","NO",81.6,5.52,0.213,78.1,85.7,-9.21,-6.18,-13.9,234,188,272,28,"4",NA,NA,45
"264","Jaylon Jones","DB","IND",81.4,NA,0.272,NA,NA,-9.43,NA,NA,235,NA,NA,29,"4",NA,2.93,NA
"265","Demarcus Lawrence","DL","SEA",33.5,8.41,0.412,28.1,39.7,-9.45,-12.9,-7.4,236,256,204,41,"6",NA,2.71,97
"266","Mike Sainristil","DB","WAS",81.1,4.38,0.227,77.9,83.9,-9.7,-6.36,-15.7,237,190,293,30,"4",NA,2.09,33
"267","Jake Moody","K","SF",138,6.46,2.57,132,149,-9.73,-6.81,-9.2,238,194,225,20,"2",169,1.48,61
"268","49ers","DST","SF",83.8,10.8,0.0165,67.4,95.7,-9.86,-18.5,-10.9,239,328,238,10,"6",153,0.685,77
"269","Braden Fiske","DL","LAR",33.1,NA,0.2,NA,NA,-9.86,NA,NA,240,NA,NA,42,"6",NA,8.5,62
"270","Packers","DST","GB",83.8,11.7,0.0243,70.3,101,-9.88,-15.5,-6.02,241,294,192,11,"6",159,0.79,74
"271","Seahawks","DST","SEA",83.8,7.34,0.304,75,92.6,-9.9,-10.8,-14,242,236,273,12,"7",159,1.1,29
"272","Talanoa Hufanga","DB","DEN",80.9,17.3,0.158,69.9,93.6,-9.93,-14.4,-6.03,243,276,193,31,"4",NA,4.15,73
"273","Cooper Kupp","WR","SEA",117,18.4,1.93,98.1,152,-10.1,-9.65,-4.47,247,226,174,46,"7",92.2,15.7,60
"274","Jonah Laulu","DL","LVR",32.9,NA,0.02,NA,NA,-10.1,NA,NA,244,NA,NA,43,"6",NA,NA,NA
"275","Christian Barmore","DL","NE",32.9,1.34,0.137,32,33.9,-10.1,-8.99,-13.2,245,216,266,44,"6",NA,NA,49
"276","Devon Witherspoon","DB","SEA",80.7,8.77,0.242,75.1,87.2,-10.1,-9.13,-12.4,246,220,257,32,"4",NA,NA,27
"277","Commanders","DST","WAS",83.5,13.6,0.191,64.9,98.4,-10.2,-20.9,-8.15,248,355,213,13,"7",173,0,90
"278","George Karlaftis","DL","KC",32.7,8.77,0.528,27.1,39.2,-10.2,-13.9,-7.91,249,269,210,45,"6",NA,5.3,81
"279","Kyle Dugger","DB","NE",80.5,3.82,0.112,78.1,83.3,-10.3,-6.21,-16.3,250,189,299,33,"4",NA,4.08,24
"280","Chiefs","DST","KC",83.3,8.71,0.52,72.6,91,-10.4,-13.3,-15.6,251,262,289,14,"7",150,0.917,55
"281","Xavier Woods","DB","TEN",80.4,2.12,2.2,79,81.9,-10.4,-5.23,-17.7,252,179,318,34,"4",NA,3.36,36
"282","Ivan Pace","LB","MIN",79.7,24.3,0.495,64.2,97.5,-10.6,-24.3,4.74,253,401,102,26,"4",NA,8.71,95
"283","Malcolm Koonce","DL","LVR",32.2,6.43,0.0149,28.1,36.9,-10.7,-12.9,-10.1,254,257,232,46,"6",NA,NA,78
"284","Keion White","DL","NE",32.2,NA,0.1,NA,NA,-10.8,NA,NA,255,NA,NA,47,"6",NA,NA,24
"285","Keion White","DL","NE",32.2,NA,0.1,NA,NA,-10.8,NA,NA,255,NA,NA,47,"6",NA,NA,35
"286","Cade Otton","TE","TB",76.4,10.2,1.27,62.4,90.2,-10.9,-9.19,-16.1,257,221,297,21,"6",169,1.76,43
"287","Lions","DST","DET",82.7,11,0.12,65.3,94.1,-10.9,-20.5,-12.4,258,350,256,15,"7",149,1.56,48
"288","Derick Hall","DL","SEA",32.1,NA,0.1,NA,NA,-10.9,NA,NA,256,NA,NA,48,"6",NA,NA,51
"289","Giants","DST","NYG",82.6,14.8,0.218,66.4,103,-11,-19.5,-3.76,260,336,166,16,"8",155,0.6,99
"290","Poona Ford","DL","LAR",32,NA,0.362,NA,NA,-11,NA,NA,259,NA,NA,49,"6",NA,NA,NA
"291","Cody Barton","LB","TEN",79.2,3.04,1.68,77.2,81.4,-11.1,-11.3,-11.3,261,241,244,27,"4",NA,7.27,38
"292","Chargers","DST","LAC",82.4,9.25,1.79,73.1,95,-11.3,-12.8,-11.5,262,255,245,17,"9",158,0.987,68
"293","Jonathan Allen","DL","MIN",31.6,3.61,0.238,29,33.9,-11.3,-12,-13.1,263,247,263,50,"6",NA,NA,44
"294","Sam Okuayinonu","DL","SF",31.4,NA,0.0295,NA,NA,-11.6,NA,NA,264,NA,NA,51,"6",NA,NA,NA
"295","Kwity Paye","DL","IND",31.4,0.566,0.427,31,31.8,-11.6,-10,-15.3,265,231,286,52,"6",NA,2.14,21
"296","Quinnen Williams","DL","NYJ",30.9,4.67,0.362,27.5,33.9,-12,-13.5,-13.2,266,266,264,53,"7",NA,NA,40
"297","Keon Coleman","WR","BUF",115,15.9,4.56,95.4,137,-12.1,-12.3,-19.1,267,252,342,47,"7",121,4.42,67
"298","Darren Waller","TE","MIA",75.1,16.4,0.528,54.3,104,-12.2,-17.3,-2.53,268,312,159,22,"6",177,3.63,94
"299","Cam Little","K","JAC",135,7.35,0.124,126,149,-12.3,-12.1,-8.82,269,248,221,21,"2",162,2.14,55
"300","Jason Myers","K","SEA",135,4.59,3.5,129,140,-12.4,-9.29,-17.7,271,223,322,22,"3",157,0.6,10
"301","Jonathon Cooper","DL","DEN",30.6,8.27,0.181,24.5,35.9,-12.4,-16.5,-11.2,270,303,242,54,"7",NA,NA,69
"302","Jonathon Cooper","DL","DEN",30.6,8.27,0.181,24.5,35.9,-12.4,-16.5,-11.2,270,303,242,54,"7",NA,NA,99
"303","Dre'Mont Jones","DL","TEN",30.4,6.72,0.125,26.1,35.3,-12.6,-14.9,-11.8,272,282,249,55,"7",NA,NA,64
"304","Tyler Nubin","DB","NYG",78.2,7.92,0.169,73.1,84,-12.6,-11.1,-15.6,273,240,292,35,"4",NA,4.42,25
"305","Dalton Schultz","TE","HOU",74.6,10.7,0.252,59.2,88.3,-12.7,-12.4,-17.9,274,254,328,23,"6",191,3.35,49
"306","Zach Sieler","DL","MIA",30.3,7.21,0.176,25,34.9,-12.7,-16,-12.2,275,300,252,56,"7",NA,NA,56
"307","Patrick Queen","LB","PIT",77.5,0.778,0.495,77,78.1,-12.7,-11.5,-14.7,276,242,278,28,"5",NA,13.3,36
"308","Kenny Moore","DB","IND",78,1.56,0.0486,77,79.2,-12.8,-7.24,-20.4,277,200,357,36,"4",NA,NA,15
"309","Cam Skattebo","RB","NYG",101,20.6,1.22,78.6,140,-12.9,-4.72,-0.597,280,168,135,42,"11",113,10.4,69
"310","Brenton Strange","TE","JAC",74.3,10.9,0.0722,61.2,89.4,-12.9,-10.3,-16.9,281,232,306,24,"6",172,3.65,69
"311","Byron Young","DL","LAR",30.1,NA,0.694,NA,NA,-12.9,NA,NA,279,NA,NA,57,"7",NA,NA,NA
"312","Alontae Taylor","DB","NO",78,6.15,0.427,73.5,81.9,-12.9,-10.8,-17.7,278,235,320,37,"4",NA,NA,40
"313","Juwan Johnson","TE","NO",74.3,9.51,1.16,60.7,86.6,-13,-10.9,-19.7,282,237,348,25,"7",214,1.7,57
"314","Colts","DST","IND",80.6,5.3,1.47,73.9,86.8,-13,-11.9,-19.7,283,243,347,18,"10",166,0.5,13
"315","Edgerrin Cooper","LB","GB",77,13.7,2.86,66.9,85.8,-13.2,-21.6,-6.97,284,367,200,29,"5",NA,8.76,60
"316","Cam Taylor-Britt","DB","CIN",77.5,2.05,0.0432,76.2,79,-13.3,-8.03,-20.6,285,209,359,38,"4",NA,NA,64
"317","Nick Scott","DB","CAR",77.5,NA,1.44,NA,NA,-13.3,NA,NA,286,NA,NA,39,"4",NA,NA,NA
"318","Adam Butler","DL","LVR",29.4,3.96,0.0273,26.5,31.9,-13.6,-14.5,-15.1,287,279,281,58,"7",NA,NA,82
"319","Boye Mafe","DL","SEA",29.4,2.47,0.00836,27.6,31,-13.6,-13.5,-16.1,288,265,298,59,"7",NA,NA,27
"320","Boye Mafe","DL","SEA",29.4,2.47,0.00836,27.6,31,-13.6,-13.5,-16.1,288,265,298,59,"7",NA,NA,45
"321","Haason Reddick","DL","TB",29.4,0.566,0.103,29,29.8,-13.6,-12,-17.3,289,245,312,60,"7",NA,NA,10
"322","Haason Reddick","DL","TB",29.4,0.566,0.103,29,29.8,-13.6,-12,-17.3,289,245,312,60,"7",NA,NA,29
"323","Rachaad White","RB","TB",100,11.6,0.052,80.7,113,-14.1,-2.6,-27.5,293,153,433,43,"11",121,8.48,34
"324","C.J. Stroud","QB","HOU",258,16.8,1.94,231,282,-14.2,-26.8,-17.2,297,416,310,16,"7",114,8.07,40
"325","Tyjae Spears","RB","TEN",100,13.7,6.84,81.9,115,-14.2,-1.44,-25,298,147,406,44,"11",137,4.49,32
"326","Pat Freiermuth","TE","PIT",73.1,13.3,0.842,50.3,88.4,-14.2,-21.2,-17.9,296,362,327,26,"7",162,1.79,63
"327","Cardinals","DST","ARI",79.2,12.5,0.166,61.2,93.4,-14.5,-24.6,-13.2,304,404,265,19,"10",171,0.6,84
"328","Buccaneers","DST","TB",79,7.85,0.105,65.1,88,-14.7,-20.8,-18.6,307,351,334,20,"10",163,0.843,26
"329","Browns","DST","CLE",78.9,10.2,0.00118,66,90.8,-14.8,-19.9,-15.7,309,340,294,21,"10",172,0,81
"330","Bears","DST","CHI",78.9,9.2,0.0032,67.6,89.4,-14.8,-18.2,-17.1,310,323,307,22,"10",154,0.733,65
"331","Bengals","DST","CIN",78.9,6.64,0.922,71.5,88.8,-14.8,-14.3,-17.7,311,275,323,23,"11",163,0.5,19
"332","Malaki Starks","DB","BAL",76.1,19.9,0.661,63.3,90.7,-14.8,-21,-8.9,308,356,222,40,"4",NA,NA,85
"333","Chigoziem Okonkwo","TE","TEN",72.3,12.9,0.13,57.1,91.3,-15,-14.5,-15,314,278,280,27,"7",180,2.18,74
"334","Mike Gesicki","TE","CIN",72.1,6.25,0.675,64.5,81,-15.1,-7.02,-25.3,315,197,413,28,"7",178,1.62,37
"335","Josh Jobe","DB","SEA",75.4,NA,0.14,NA,NA,-15.4,NA,NA,322,NA,NA,41,"4",NA,NA,NA
"336","Will Harris","DB","WAS",75.3,32.5,0.134,54.5,99.1,-15.6,-29.8,-0.502,324,440,134,42,"4",NA,4.06,95
"337","Raiders","DST","LVR",78,10.1,0.107,63.4,90.9,-15.7,-22.4,-15.6,327,379,291,24,"11",170,0,45
"338","Jalen Pitre","DB","HOU",75.1,12,0.476,66.3,82.8,-15.7,-18,-16.8,326,321,304,43,"4",NA,NA,35
"339","Taysom Hill","TE","NO",71.4,8.15,0.197,63.4,79.3,-15.8,-8.19,-27,329,211,432,29,"7",106,1.75,71
"340","Falcons","DST","ATL",77.9,7.51,0.186,68.4,91.2,-15.8,-17.5,-15.3,328,314,285,25,"11",170,0,16
"341","Cairo Santos","K","CHI",132,5.04,0.584,124,138,-15.9,-14.5,-20.1,330,277,352,23,"3",143,0.75,19
"342","Tyler Higbee","TE","LAR",71.2,14.1,3.85,53.2,90.7,-16,-18.4,-15.6,332,326,290,30,"7",189,1.73,77
"343","Jets","DST","NYJ",77.7,8.8,1.41,67.4,89.1,-16,-18.5,-17.5,331,329,315,26,"12",177,0.3,61
"344","J.J. McCarthy","QB","MIN",256,24.4,2.47,227,296,-16.1,-31,-3,336,450,162,17,"7",128,5.15,77
"345","Jack Campbell","LB","DET",74.2,1.77,0.316,73,75.5,-16.1,-15.5,-17.3,334,293,313,30,"5",NA,NA,14
"346","Taron Johnson","DB","BUF",74.7,11.5,0.393,66.2,82,-16.2,-18.1,-17.6,337,322,316,44,"4",NA,NA,55
"347","Carson Schwesinger","LB","CLE",73.8,1.77,0.347,72.5,75,-16.4,-16,-17.8,338,297,325,31,"5",NA,NA,66
"348","Blake Grupe","K","NO",131,8.92,0.262,121,147,-16.5,-17.8,-10.6,339,318,234,24,"3",170,0,58
"349","Khalil Shakir","WR","BUF",111,13.9,0.0206,89.1,131,-16.6,-18.7,-25.1,343,330,412,48,"7",115,5.08,29
"350","Amani Hooker","DB","TEN",74.3,24.8,0.0865,58.4,92.5,-16.6,-25.9,-7.12,341,411,201,45,"4",NA,NA,89
"351","Michael Pittman","WR","IND",110,9.53,0.661,98.7,126,-16.7,-9.06,-30.2,344,218,451,49,"7",114,8.97,10
"352","Tykee Smith","DB","TB",74.2,14,1.09,65.2,84.5,-16.7,-19.1,-15.2,345,333,282,46,"5",NA,NA,71
"353","Chad Ryland","K","ARI",131,11.6,0.986,116,150,-16.8,-22.7,-8.02,347,383,212,25,"3",173,0,90
"354","Christian Rozeboom","LB","CAR",73.5,14.5,0.316,64.2,84.1,-16.8,-24.3,-8.62,346,399,220,32,"5",NA,7.61,84
"355","Demario Davis","LB","NO",73.2,11,1.25,66.2,81.2,-17.1,-22.3,-11.5,351,377,246,33,"6",NA,9.26,59
"356","Darnell Mooney","WR","ATL",110,13.8,1.16,94.5,132,-17.3,-13.3,-24.5,354,263,401,50,"7",137,3.66,43
"357","Dolphins","DST","MIA",76.3,10.9,1.26,62,92.5,-17.4,-23.8,-14,355,394,274,27,"13",170,0,87
"358","Zyon McCollum","DB","TB",73.1,3.18,0.771,71,75.4,-17.7,-13.2,-24.2,360,261,397,47,"5",NA,NA,47
"359","Spencer Shrader","K","IND",130,10.5,6.35,116,145,-17.8,-22.7,-12.8,361,382,260,26,"4",170,0,84
"360","Blake Cashman","LB","MIN",71.9,1.41,1.4,71,73,-18.3,-17.5,-19.8,363,315,349,34,"6",NA,9.62,9
"361","Marvin Mims","WR","DEN",109,22.1,3.2,79.8,143,-18.5,-27.9,-13.6,367,422,270,51,"7",145,4.42,85
"362","Geno Stone","DB","CIN",72.3,4.1,0.114,69.3,74.9,-18.5,-15,-24.7,368,283,403,48,"5",NA,NA,58
"363","Jordan Love","QB","GB",253,15.9,0.435,232,280,-18.6,-26.3,-18.4,370,413,333,18,"7",118,6.71,37
"364","Jordan Fuller","DB","ATL",72.2,NA,0.0694,NA,NA,-18.6,NA,NA,371,NA,NA,49,"5",NA,NA,93
"365","Saints","DST","NO",75,12.5,1.58,55.7,87,-18.7,-30.1,-19.6,374,448,346,28,"14",166,0,58
"366","Michael Jackson","DB","CAR",72.1,3.25,0.15,70,74.5,-18.7,-14.2,-25.1,376,274,408,50,"5",NA,NA,78
"367","Kamari Lassiter","DB","HOU",72,1.56,0.28,70.8,73,-18.8,-13.4,-26.6,379,264,428,51,"5",NA,NA,2
"368","Drake Maye","QB","NE",253,17,1.67,228,269,-19,-29.8,-29.4,380,443,446,19,"7",122,6.62,66
"369","Marlon Humphrey","DB","BAL",71.7,2.9,0.147,69.6,73.6,-19.1,-14.7,-26.1,382,280,423,52,"5",NA,2.66,29
"370","Quentin Lake","DB","LAR",71.6,6.79,0.0608,66.6,75.9,-19.3,-17.7,-23.7,383,317,392,53,"5",NA,NA,56
"371","Derek Stingley Jr.","DB","HOU",71.5,6.86,0.114,67.1,76.5,-19.3,-17.2,-23.1,384,309,383,54,"5",NA,4.34,69
"372","Evan Williams","DB","GB",71.4,11,0.0231,64.4,79.4,-19.4,-19.9,-20.2,385,341,355,55,"5",NA,2.76,67
"373","Jalen Thompson","DB","ARI",71.4,14.3,0.177,62.2,81.9,-19.5,-22.1,-17.8,386,374,324,56,"5",NA,3.12,62
"374","Bryan Cook","DB","KC",71.2,11,0.00227,64.2,79.2,-19.6,-20.1,-20.4,389,347,356,57,"5",NA,NA,76
"375","Nate Landman","LB","LAR",70.5,5.3,2.26,66.6,73.9,-19.7,-21.9,-18.8,391,369,339,35,"6",NA,4.1,72
"376","Trent McDuffie","DB","KC",71.2,3.32,0.577,69,73.6,-19.7,-15.2,-26,390,291,422,58,"5",NA,NA,60
"377","Theo Johnson","TE","NYG",67.4,12,3.18,50.3,85.3,-19.9,-21.3,-21,392,363,361,31,"7",192,1.19,66
"378","Jaguars","DST","JAC",73.4,12.1,0.683,51.7,87.6,-20.2,-34.1,-19,396,466,340,29,"15",170,0,71
"379","Will Johnson","DB","ARI",70.6,NA,0.22,NA,NA,-20.2,NA,NA,395,NA,NA,59,"5",NA,NA,99
"380","Josh Metellus","DB","MIN",70.4,31.1,0.141,50.5,93.2,-20.4,-33.8,-6.37,399,462,196,60,"5",NA,5.83,91
"381","Trevor Lawrence","QB","JAC",251,15.9,9.13,228,274,-20.7,-29.8,-25.1,405,441,407,20,"8",134,5.81,34
"382","Titans","DST","TEN",72.7,12.8,3.53,56.5,87.7,-20.9,-29.3,-18.8,411,435,336,30,"16",170,0,52
"383","Jerome Ford","RB","CLE",93.2,24.2,4.3,64,131,-21,-19.3,-9.7,415,335,229,45,"11",135,4.92,89
"384","Rashod Bateman","WR","BAL",105,19,0.448,82.3,135,-21.7,-25.4,-21.3,423,409,365,52,"7",145,4.71,68
"385","Quay Walker","LB","GB",68.3,4.17,1.07,65.2,70.9,-22,-23.3,-21.8,428,391,369,36,"6",NA,7.27,7
"386","Josh Downs","WR","IND",105,14.7,6.02,92.6,133,-22.1,-15.2,-23.3,431,290,387,53,"8",129,3.5,32
"387","Mason Taylor","TE","NYJ",64.2,15.1,3.18,40.8,88.3,-23.1,-30.8,-18,448,449,329,32,"8",176,1.9,80
"388","Cameron McGrone","LB","IND",67.2,NA,0.143,NA,NA,-23.1,NA,NA,449,NA,NA,37,"6",NA,4.06,NA
"389","Micah McFadden","LB","NYG",67.1,4.67,0.509,64.1,70.5,-23.2,-24.4,-22.3,453,402,376,38,"7",NA,4.34,57
"390","Frankie Luvu","LB","WAS",66.5,3.89,0.901,64.1,69.4,-23.7,-24.4,-23.4,460,403,389,39,"7",NA,10.1,24
"391","Nick Folk","K","NYJ",123,7.62,1.47,115,135,-24.1,-23.3,-23.4,464,390,390,27,"4",170,0,35
"392","Panthers","DST","CAR",69.2,12.7,0.816,57,91.1,-24.5,-28.8,-15.5,470,427,288,31,"16",170,0.2,39
"393","Elandon Roberts","LB","LVR",65.6,6.65,0.00992,60.8,69.9,-24.6,-27.7,-22.9,473,420,381,40,"7",NA,3.02,78
"394","Nakobe Dean","LB","PHI",65.6,22.3,0.27,51.3,82.1,-24.6,-37.2,-10.7,474,486,237,41,"7",NA,9.46,97
"395","Payton Wilson","LB","PIT",65.4,7.99,1.27,59.5,70.5,-24.9,-29,-22.3,478,432,377,42,"7",NA,NA,52
"396","Trey Benson","RB","ARI",88.9,10.8,1.42,71.2,103,-25.3,-12.2,-37.4,484,250,496,46,"11",139,6.19,23
"397","Patriots","DST","NE",68.4,9.77,0,56.1,82.8,-25.3,-29.7,-23.7,483,437,391,32,"16",172,0.9,94
"398","Graham Gano","K","NYG",122,13.6,0.553,103,143,-25.6,-35.8,-14.8,491,479,279,28,"4",170,0,81
"399","Joey Slye","K","TEN",121,5.13,1.42,114,130,-26.1,-24.2,-28.1,496,398,438,29,"4",170,0,6
"400","Elijah Arroyo","TE","SEA",61,21.7,5.01,28.5,88.6,-26.2,-43.1,-17.7,500,512,319,33,"8",177,2.49,97
"401","Jeremiah Owusu-Koramoah","LB","CLE",64.1,NA,0.102,NA,NA,-26.2,NA,NA,499,NA,NA,43,"7",NA,NA,99
"402","Henry To'oTo'o","LB","HOU",64,7.64,1.79,58.4,68.9,-26.3,-30.1,-23.9,501,447,394,44,"7",NA,NA,76
"403","Ray Davis","RB","BUF",87.5,14.9,1.47,66.7,108,-26.7,-16.7,-32.4,506,304,466,47,"12",146,3.02,25
"404","Matthew Wright","K","CAR",120,8.55,0.244,109,133,-27.5,-29,-24.8,517,431,405,30,"4",NA,NA,32
"405","Andres Borregales","K","NE",120,15.6,0.775,92.2,137,-27.8,-46.1,-21.4,522,521,367,31,"4",170,0,99
"406","Amari Cooper","WR","FA",99,NA,3.86,NA,NA,-28.1,NA,NA,529,NA,NA,54,"8",113,5.65,99
"407","Tyrice Knight","LB","SEA",62.2,16.5,2.21,50.1,72.8,-28.1,-38.4,-20,527,490,351,45,"8",NA,3.41,83
"408","Tyler Allgeier","RB","ATL",86,9.44,0.24,69.2,97.4,-28.2,-14.1,-43.1,531,273,537,48,"12",155,3.71,8
"409","Rico Dowdle","RB","CAR",85.8,16.1,3.3,64.9,115,-28.4,-18.4,-25.5,534,327,416,49,"12",154,3.43,52
"410","Dustin Hopkins","K","CLE",119,14.3,31.1,98,138,-28.6,-40.4,-20.5,537,499,358,32,"5",170,0,77
"411","Matthew Stafford","QB","LAR",242,17.3,2.94,218,258,-29.8,-40.2,-40.5,554,498,517,21,"8",149,4.69,49
"412","Nick Martin","LB","SF",60,NA,0.465,NA,NA,-30.3,NA,NA,560,NA,NA,46,"8",NA,NA,64
"413","Jack Sanborn","LB","DAL",59.5,8.34,0.775,53.4,64.9,-30.7,-35.1,-27.9,566,475,435,47,"8",NA,5.59,81
"414","Will Dissly","TE","LAC",56,12,2.85,37.9,71.4,-31.2,-33.7,-34.9,571,461,477,34,"9",170,0.9,86
"415","Demetrius Knight","LB","CIN",58.8,2.69,0.106,57,60.7,-31.5,-31.5,-32,575,452,465,48,"8",NA,NA,55
"416","Trevin Wallace","LB","CAR",58.7,9.69,0.497,51.5,64.9,-31.6,-37,-27.9,578,485,437,49,"8",NA,NA,74
"417","Jaydon Blue","RB","DAL",82.5,19.6,1.14,55.5,110,-31.8,-27.8,-30.3,581,421,452,50,"12",137,6.45,83
"418","Adam Thielen","WR","CAR",95.1,13.7,0.428,78.9,114,-32,-28.8,-42.4,584,428,533,55,"8",162,2.92,51
"419","Mack Wilson","LB","ARI",58.2,1.77,0.131,57,59.5,-32.1,-31.5,-33.3,587,453,469,50,"8",NA,8.11,71
"420","Pete Werner","LB","NO",58,1.48,0.806,56.9,59,-32.2,-31.6,-33.8,588,454,473,51,"8",NA,4.42,62
"421","Keenan Allen","WR","LAC",94.7,18.8,1.2,73.3,118,-32.4,-34.5,-38.4,591,470,501,56,"8",127,5.04,96
"422","Geno Smith","QB","LVR",239,15.8,0.115,216,258,-32.8,-41.6,-41,595,504,521,22,"8",151,3.94,20
"423","Bryce Young","QB","CAR",239,16,0.388,218,263,-32.9,-40.4,-35.8,598,500,483,23,"8",151,3.77,31
"424","Isaac Guerendo","RB","SF",81.4,15.4,0.848,67.7,105,-32.9,-15.7,-35.6,599,295,482,51,"12",150,3.76,38
"425","Divine Deablo","LB","ATL",57.2,4.24,0.878,54.1,59.9,-33,-34.4,-32.8,602,469,467,52,"8",NA,7.2,88
"426","Tua Tagovailoa","QB","MIA",239,20.6,2.83,211,268,-33.3,-47.4,-30.7,603,526,456,24,"8",137,4.94,43
"427","Emeka Egbuka","WR","TB",93.5,23,5.62,67.2,140,-33.6,-40.6,-16,608,501,296,57,"8",113,23.1,88
"428","Nick Chubb","RB","HOU",80.5,24,5.87,51,119,-33.7,-32.4,-21.9,609,457,371,52,"12",144,5.87,93
"429","Omar Speights","LB","LAR",56.3,2.05,0.357,55,57.8,-33.9,-33.5,-34.9,612,460,476,53,"9",NA,2.88,67
"430","Cole Kmet","TE","CHI",53.2,22.6,0.68,23.6,89.5,-34.1,-47.9,-16.8,616,528,305,35,"9",181,2.59,99
"431","Dre Greenlaw","LB","DEN",56,45.8,2.89,22.3,85.3,-34.3,-66.2,-7.44,619,610,205,54,"9",NA,11.6,98
"432","Noah Gray","TE","KC",52.5,18,1.12,19.2,70,-34.8,-52.3,-36.3,626,547,488,36,"9",199,1.94,83
"433","Michael Penix Jr.","QB","ATL",236,12.4,5.31,223,257,-36.1,-34.5,-41.3,641,471,522,25,"9",151,4.19,17
"434","Denzel Perryman","LB","LAC",53.1,NA,0.0711,NA,NA,-37.2,NA,NA,652,NA,NA,55,"9",NA,NA,93
"435","Jaylon Carlies","LB","IND",53,27.4,0.229,32.9,70.6,-37.2,-55.6,-22.2,654,566,373,56,"9",NA,7.7,90
"436","Jaylon Carlies","LB","IND",53,27.4,0.229,32.9,70.6,-37.2,-55.6,-22.2,654,566,373,56,"9",NA,7.7,91
"437","Marcelino McCrary-Ball","LB","NYJ",52.8,NA,0.145,NA,NA,-37.5,NA,NA,656,NA,NA,57,"9",NA,NA,NA
"438","Jahlani Tavai","LB","NE",52.7,9.69,0.397,45.5,58.9,-37.6,-43,-33.9,659,511,474,58,"9",NA,NA,69
"439","Germaine Pratt","LB","LVR",52.3,24.8,0.878,36.4,70.5,-38,-52.1,-22.3,664,545,375,59,"9",NA,6.02,86
"440","Trenton Simpson","LB","BAL",51.4,2.47,0.979,49.6,53,-38.9,-38.9,-39.8,670,492,514,60,"10",NA,NA,79
"441","Brandon Aiyuk","WR","SF",87.9,46.5,0.114,7.79,160,-39.2,-100,3.27,672,781,107,58,"8",137,6.86,99
"442","Christian Kirk","WR","HOU",87.8,14.8,0.255,71.3,110,-39.4,-36.5,-46.1,674,484,548,59,"9",156,3.75,50
"443","Kareem Hunt","RB","KC",74.6,12.6,1.47,60,97.9,-39.6,-23.3,-42.6,677,392,535,53,"12",155,2.65,54
"444","Cedric Tillman","WR","CLE",87.5,10.8,0.566,71.6,102,-39.6,-36.2,-54.4,678,482,581,60,"9",176,2.29,35
"445","Jayden Higgins","WR","HOU",87,31.8,0.228,32.7,126,-40.2,-75.1,-30.7,688,687,455,61,"9",137,12.2,94
"446","Marquise Brown","WR","KC",86.7,25.8,1.04,35,113,-40.4,-72.8,-43.7,690,674,541,62,"9",155,2.73,89
"447","Bhayshul Tuten","RB","JAC",73.2,22.7,0.107,37.3,107,-41.1,-46,-33.6,696,520,471,54,"12",147,6.13,92
"448","Jaylen Wright","RB","MIA",73.1,18.4,0.806,53.5,103,-41.2,-29.8,-37.3,698,442,494,55,"12",161,2.67,58
"449","Sam Darnold","QB","SEA",230,18.1,2.1,205,255,-41.4,-52.9,-43.7,699,553,540,26,"9",148,4.31,26
"450","Romeo Doubs","WR","GB",85.7,17.3,0.0173,65.7,108,-41.5,-42,-48.2,700,506,555,63,"9",162,1.69,53
"451","Xavier Legette","WR","CAR",85.7,15.3,3.25,66.3,106,-41.5,-41.4,-49.9,701,503,561,64,"9",165,1.59,75
"452","Braelon Allen","RB","NYJ",72.2,13.3,0.36,50.3,90.5,-42,-33.1,-49.9,703,458,562,56,"12",143,5,35
"453","Zack Moss","RB","FA",71.9,5.42,4.46,68.2,75.7,-42.4,-15.1,-64.8,706,289,613,57,"13",206,1,20
"454","Aaron Rodgers","QB","PIT",228,23.4,6.9,209,273,-43.5,-49,-25.5,712,532,418,27,"9",155,5.14,46
"455","Michael Wilson","WR","ARI",82.4,14,0.195,63.7,100,-44.7,-44,-56.2,719,516,586,65,"9",190,1.25,72
"456","Alec Pierce","WR","IND",82.2,24.8,0.109,49.6,120,-44.9,-58.1,-36,721,576,484,66,"9",192,1.91,90
"457","Quentin Johnston","WR","LAC",82.1,27,1.17,48.5,120,-45,-59.2,-36.3,722,580,489,67,"9",173,3.26,93
"458","Demario Douglas","WR","NE",80.9,15.3,0.376,59.5,99.7,-46.2,-48.2,-56.7,733,529,587,68,"9",172,2.21,76
"459","Wan'Dale Robinson","WR","NYG",80.6,12.7,4.37,59.2,95.1,-46.6,-48.5,-61.2,735,531,600,69,"9",171,2.97,69
"460","Roschon Johnson","RB","CHI",67.4,15.5,2.96,53.6,98.4,-46.8,-29.7,-42.1,736,439,531,58,"13",178,2.25,48
"461","Justice Hill","RB","BAL",64.5,15,1.8,38.7,86.5,-49.8,-44.7,-54,757,519,577,59,"13",178,2.34,66
"462","Cam Ward","QB","TEN",221,26.2,21.6,183,257,-50.4,-75.1,-41.9,762,688,528,28,"10",152,21.2,63
"463","Tyler Lockett","WR","TEN",76.2,20.2,0.537,52.7,114,-50.9,-55.1,-42.5,766,563,534,70,"9",195,2.85,92
"464","Josh Palmer","WR","BUF",75.7,16.6,0.068,56.5,99,-51.5,-51.3,-57.3,769,542,590,71,"9",183,2.64,78
"465","Dylan Sampson","RB","CLE",62.7,29.8,2.86,15.4,98.8,-51.6,-67.9,-41.7,772,627,525,60,"13",157,4.64,94
"466","Luther Burden","WR","CHI",75.6,22.2,1.22,41.6,111,-51.6,-66.2,-44.9,770,611,546,72,"9",157,12.6,82
"467","Gus Edwards","RB","FA",59.8,NA,1.27,NA,NA,-54.4,NA,NA,791,NA,NA,61,"13",NA,NA,99
"468","Woody Marks","RB","HOU",58.5,24.3,0.173,39.3,93.3,-55.7,-44,-47.2,798,515,550,62,"13",179,3.89,97
"469","Kendre Miller","RB","NO",58.4,21.5,0.471,40.4,102,-55.9,-43,-39,800,510,507,63,"13",179,1.52,86
"470","MarShawn Lloyd","RB","GB",57.9,29.3,0.199,21.8,102,-56.4,-61.6,-38.5,803,590,503,64,"13",186,1.51,96
"471","Miles Sanders","RB","DAL",57.7,11.9,1.56,39.9,71.8,-56.6,-43.4,-68.7,804,514,617,65,"13",195,2.15,46
"472","Ty Johnson","RB","BUF",56.1,17.9,1.76,38.7,83.5,-58.1,-44.6,-57,819,518,588,66,"13",187,1.33,82
"473","Raheem Mostert","RB","LVR",54.4,19.7,1.8,29.5,91.2,-59.9,-53.8,-49.3,837,556,559,67,"14",188,2.24,77
"474","Blake Corum","RB","LAR",52.6,21.8,2.94,32.3,96.1,-61.7,-51.1,-44.4,855,540,544,68,"14",193,1.66,79
"475","Zamir White","RB","LVR",49.6,31.6,0.276,17.2,77.8,-64.6,-66.1,-62.7,884,609,605,69,"14",NA,2.64,87
"476","Devin Singletary","RB","NYG",49.3,22.2,0.278,10.9,77.2,-64.9,-72.5,-63.3,888,673,607,70,"14",197,2.04,85
"477","Cam Akers","RB","NO",49.1,0.805,0.758,48.3,49.8,-65.2,-35.1,-90.7,893,474,701,71,"14",NA,2.52,11
"478","Sean Tucker","RB","TB",48.3,11.9,0.715,33.5,61.6,-65.9,-49.8,-78.9,906,537,654,72,"14",203,2.7,62
"479","Anthony Richardson","QB","IND",200,64.6,14.6,103,271,-72,-155,-27.6,964,843,434,29,"11",139,5.42,91
"480","Russell Wilson","QB","NYG",185,46.2,44.1,111,237,-86.6,-147,-62,1110,842,602,30,"12",143,3.83,80
"481","Tyler Shough","QB","NO",141,45.8,32.1,76.5,226,-131,-182,-72.8,1320,844,635,31,"13",168,6.06,83
"482","Joe Flacco","QB","CLE",109,47.5,20.8,39.8,186,-163,-218,-112,1330,845,752,32,"14",177,2.34,86
"483","Daniel Jones","QB","IND",88.3,56.1,14.6,0.38,154,-184,-258,-145,1330,863,834,33,"15",176,5.92,89
"484","Kirk Cousins","QB","ATL",73.7,96,2.15,0.0879,208,-198,-258,-91.2,1330,875,708,34,"15",178,1.41,97
"485","Spencer Rattler","QB","NO",71.5,79.9,5,-3.87,223,-200,-262,-75.4,1330,892,644,35,"15",182,2.64,94
"486","Deshaun Watson","QB","CLE",66.5,47.1,23.8,34.2,99.1,-205,-224,-200,1330,846,850,36,"16",NA,1.82,99
